{"cameraMode":{"drawMode":0,"name":"Shaded","section":"Shading Mode"},"sceneLighting":true,"audioPlay":false,"sceneViewState":{"m_AlwaysRefresh":false,"showFog":true,"showSkybox":true,"showFlares":true,"showImageEffects":true,"showParticleSystems":true,"showVisualEffectGraphs":true,"m_FxEnabled":true},"in2DMode":false,"pivot":{"x":-0.0044252872467041019,"y":1.4425426721572877,"z":-20.015661239624025},"rotation":{"x":0.05683395266532898,"y":0.9134653210639954,"z":-0.13693863153457642,"w":0.37900692224502566},"size":24.764509201049806,"orthographic":false}